{
	"credit": "Made with Blockbench",
	"textures": {
		"0": "item/3d_mace",
		"1": "item/macewindu",
		"3": "item/mace",
		"particle": "item/3d_mace"
	},
	"elements": [
		{
			"from": [4.0182, 13.3329, 4.0182],
			"to": [11.9562, 21.2709, 11.9562],
			"rotation": {"angle": 0, "axis": "y", "origin": [0.9312, 1.4259, 0.9312]},
			"faces": {
				"north": {"uv": [0, 0, 16, 16], "texture": "#1"},
				"east": {"uv": [0, 0, 16, 16], "texture": "#1"},
				"south": {"uv": [0, 0, 16, 16], "texture": "#1"},
				"west": {"uv": [0, 0, 16, 16], "texture": "#1"},
				"up": {"uv": [0, 16, 0, 16], "texture": "#1"},
				"down": {"uv": [0, 16, 0, 16], "texture": "#1"}
			}
		},
		{
			"from": [4.4592, 13.7739, 4.4592],
			"to": [11.5152, 20.8299, 11.5152],
			"rotation": {"angle": 0, "axis": "y", "origin": [0.9312, 1.4259, 0.9312]},
			"faces": {
				"north": {"uv": [8, 8, 16, 16], "texture": "#0"},
				"east": {"uv": [8, 8, 16, 16], "texture": "#0"},
				"south": {"uv": [8, 8, 16, 16], "texture": "#0"},
				"west": {"uv": [8, 8, 16, 16], "texture": "#0"},
				"up": {"uv": [8, 0, 16, 8], "texture": "#0"},
				"down": {"uv": [8, 0, 16, 8], "texture": "#0"}
			}
		},
		{
			"from": [7.1052, 3.1899, 7.1052],
			"to": [8.8692, 13.7739, 8.8692],
			"rotation": {"angle": 0, "axis": "y", "origin": [0.9312, 1.4259, 0.9312]},
			"faces": {
				"north": {"uv": [4, 4, 2, 16], "texture": "#0"},
				"east": {"uv": [6, 4, 4, 16], "texture": "#0"},
				"south": {"uv": [8, 4, 6, 16], "texture": "#0"},
				"west": {"uv": [2, 4, 0, 16], "texture": "#0"},
				"up": {"uv": [2, 4, 4, 2], "texture": "#0"},
				"down": {"uv": [4, 2, 6, 4], "texture": "#0"}
			}
		},
		{
			"from": [6.9788, 1.2995, 6.9788],
			"to": [8.9956, 5.0803, 8.9956],
			"rotation": {"angle": 0, "axis": "y", "origin": [0.9312, 1.4259, 0.9312]},
			"faces": {
				"north": {"uv": [2, 0, 0, 4], "texture": "#0"},
				"east": {"uv": [2, 0, 0, 4], "texture": "#0"},
				"south": {"uv": [2, 0, 0, 4], "texture": "#0"},
				"west": {"uv": [2, 0, 0, 4], "texture": "#0"},
				"up": {"uv": [2, 2, 4, 0], "texture": "#0"},
				"down": {"uv": [4, 0, 6, 2], "texture": "#0"}
			}
		},
		{
			"from": [7.1052, 20.8299, 7.1052],
			"to": [8.8692, 21.7119, 8.8692],
			"rotation": {"angle": 0, "axis": "y", "origin": [7.9872, 21.2709, 7.9872]},
			"faces": {
				"north": {"uv": [8, 2, 6, 3], "texture": "#0"},
				"east": {"uv": [8, 2, 6, 3], "texture": "#0"},
				"south": {"uv": [8, 2, 6, 3], "texture": "#0"},
				"west": {"uv": [6, 2, 8, 3], "texture": "#0"},
				"up": {"uv": [6, 2, 8, 0], "rotation": 270, "texture": "#0"},
				"down": {"uv": [4, 0, 6, 2], "rotation": 90, "texture": "#0"}
			}
		},
		{
			"from": [0, -15.3, -16],
			"to": [0, 24.7, 24],
			"faces": {
				"north": {"uv": [0, 0, 0, 2], "texture": "#missing"},
				"east": {"uv": [0, 0, 16, 16], "texture": "#3"},
				"south": {"uv": [0, 0, 0, 2], "texture": "#missing"},
				"west": {"uv": [0, 0, 16, 16], "texture": "#3"},
				"up": {"uv": [0, 0, 0, 2], "texture": "#missing"},
				"down": {"uv": [0, 0, 0, 2], "texture": "#missing"}
			}
		}
	],
	"gui_light": "front",
	"display": {
		"thirdperson_righthand": {
			"rotation": [0, -90, 0],
			"translation": [0, -1, 1.25],
			"scale": [1.15, 1.15, 1.15]
		},
		"thirdperson_lefthand": {
			"rotation": [0, -90, 0],
			"translation": [0, -1, 1.25],
			"scale": [1.15, 1.15, 1.15]
		},
		"firstperson_righthand": {
			"rotation": [0, 90, 10],
			"translation": [0.75, 0.6, 1.3],
			"scale": [0.55, 0.55, 0.55]
		},
		"firstperson_lefthand": {
			"rotation": [0, 90, 10],
			"translation": [0.75, 0.6, 1.3],
			"scale": [0.55, 0.55, 0.55]
		},
		"ground": {
			"rotation": [36, 0, 0],
			"translation": [0, 2.25, 0],
			"scale": [0.5, 0.5, 0.5]
		},
		"gui": {
			"rotation": [0, 90, 0],
			"translation": [1.5, 1.25, 0],
			"scale": [1, 0.4, 0.4]
		},
		"fixed": {
			"rotation": [0, 0, 45],
			"translation": [2.25, -2.5, 0],
			"scale": [0.95, 0.95, 0.95]
		}
	},
	"groups": [
		{
			"name": "group",
			"origin": [0, 0, 0],
			"color": 0,
			"children": [0, 1, 2, 3, 4]
		},
		5
	]
}