{
    "parent": "builtin/entity",
	"gui_light": "front",
    "textures": {"particle": "block/oak_log"},
    "display": {
        "thirdperson_righthand": {
            "rotation": [ 45, 155, 0 ],
            "translation": [ -3.49, 11, -2 ],
            "scale": [ 0.8, 0.8, 0.8 ]
        },
        "thirdperson_lefthand": {
            "rotation": [ 45, 155, 0 ],
            "translation": [ 11.51, 7, 2.5 ],
            "scale": [ 0.8, 0.8, 0.8 ]
        },
        "firstperson_righthand": {
            "rotation": [ 0, 180, -5 ],
            "translation": [ -7.75, 0.875, -11 ],
            "scale": [ 0.8, 0.8, 0.8 ]
        },
        "firstperson_lefthand": {
            "rotation": [ 0, 180, -5 ],
            "translation": [ 5, 2, -11 ],
            "scale": [ 0.8, 0.8, 0.8 ]
        },
        "gui": {
            "rotation": [ 0, 0, 0 ],
            "translation": [ 4.9, 5.3, 0 ],
            "scale": [ 0.65, 0.65, 0.65 ]
        }
    }
}