{
    "parent": "builtin/entity",
	"gui_light": "front",
    "textures": {"particle": "block/oak_log"},
    "display": {
        "thirdperson_righthand": {
            "rotation": [ 0, 90, 0 ],
            "translation": [ 7.75, 4.5, -5 ],
            "scale": [ 0.8, 0.8, 0.8 ]
        },
        "thirdperson_lefthand": {
            "rotation": [ 0, 90, 0 ],
            "translation": [ 7.75, 4.5, 8 ],
            "scale": [ 0.8, 0.8, 0.8 ]
        },
        "firstperson_righthand": {
            "rotation": [ 0, 180, 5 ],
            "translation": [ -3, -2, -10 ],
            "scale": [ 0.8, 0.8, 0.8 ]
        },
        "firstperson_lefthand": {
            "rotation": [ 0, 180, 5 ],
            "translation": [ 10, -3, -10 ],
            "scale": [ 0.8, 0.8, 0.8 ]
        },
        "gui": {
            "rotation": [ 0, 0, 0 ],
            "translation": [ 4.9, 5.3, 0 ],
            "scale": [ 0.65, 0.65, 0.65 ]
        },
        "fixed": {
            "rotation": [ 0, 180, 0 ],
            "translation": [ -4.5, 4.5, -5],
            "scale":[ 0.55, 0.55, 0.55]
        },
        "ground": {
            "rotation": [ 0, 0, 0 ],
            "translation": [ 4, 4, 2 ],
            "scale": [ 0.25, 0.25, 0.25 ]
        }
    },
    "overrides": [
        {"predicate": {"blocking": 1},
            "model": "item/shield_blocking"
        }
    ]
}